Opportunity Number,Opportunity Title,Agency,Opportunity Status,Posted Date,Close Date,Instrument Type,Category,Matching,Award Ceiling,Award Floor
20240410-FEL,Fellowships,NEH,Posted,1/18/2024,2/16/2024,Cooperative Agreement,Science and Technology and other Research and Development,No,190288,0
20240814-BP-BR-GE-GG-GI,Public Humanities Projects,NEH,Forecasted,1/23/2024,4/12/2024,Funding Instrument Type:,Category of Funding Activity:,Cost Sharing or Matching Requirement:,1000000,1
20240814-TD-TR,Media Projects,NEH,Forecasted,1/23/2024,5/2/2024,Funding Instrument Type:,Category of Funding Activity:,Cost Sharing or Matching Requirement:,1000000,1
2024-NIST-CECM-01,Center of Excellence in Climate Measurements (CECM) Program,DOC-NIST,Posted,1/30/2024,4/18/2024,Cooperative Agreement,Science and Technology and other Research and Development,No,0,0
20250109-PG,Preservation Assistance Grants for Smaller Institutions,NEH,Forecasted,1/23/2024,5/2/2024,Funding Instrument Type:,Category of Funding Activity:,Cost Sharing or Matching Requirement:,10000,1
20250110-PF,Sustaining Cultural Heritage Collections,NEH,Forecasted,1/23/2024,3/20/2024,Funding Instrument Type:,Category of Funding Activity:,Cost Sharing or Matching Requirement:,350000,1
20250110-PJ,National Digital Newspaper Program,NEH,Forecasted,1/23/2024,3/21/2024,Funding Instrument Type:,Category of Funding Activity:,Cost Sharing or Matching Requirement:,325000,1
24-527,GROWING CONVERGENCE RESEARCH,NSF,Posted,1/19/2024,4/10/2024,Grant,Science and Technology and other Research and Development,No,3600000,1200000
24-528,EPSCoR Research Infrastructure Improvement (RII): EPSCoR Research Fellows,NSF,Posted,1/23/2024,2/20/2024,Grant,Science and Technology and other Research and Development,No,0,0
24-529,Innovations in Graduate Education (IGE) Program,NSF,Posted,1/24/2024,3/26/2024,Grant,Science and Technology and other Research and Development,No,1000000,300000
24-530,Campus Cyberinfrastructure,NSF,Posted,1/24/2024,5/15/2024,Grant,Science and Technology and other Research and Development,No,1200000,500000
24-531,Partnership to Advance Conservation Science and Practice,NSF,Posted,1/25/2024,3/31/2024,Grant,Science and Technology and other Research and Development,No,0,0
24-532,NSF Innovation Corps Hubs Program,NSF,Posted,1/26/2024,5/31/2024,Grant,Science and Technology and other Research and Development,No,0,6000000
24-533,Sustainable Regional Systems Research Networks,NSF,Posted,1/27/2024,3/26/2024,Grant,Science and Technology and other Research and Development,No,0,15000000
24-534,Civic Innovation Challenge,NSF,Posted,1/31/2024,6/28/2024,Grant,Science and Technology and other Research and Development,No,1000000,75000
24-535,Atmospheric & Geospace Sciences Community Instruments and Facilities,NSF,Posted,2/1/2024,4/1/2024,Grant,Science and Technology and other Research and Development,No,2500000,0
24-536,Computer and Information Science and Engineering Research Expansion Program,NSF,Posted,2/2/2024,7/12/2024,Grant,Science and Technology and other Research and Development,No,0,0
24-537,General Social Survey Competition,NSF,Posted,2/8/2024,8/15/2024,Grant,Science and Technology and other Research and Development,No,0,16000000
620-24-0002,Localization in Health,USAID-NIG,Posted,1/30/2024,5/2/2024,Other,Health,No,1,0
693JJ322NF5201-2024,Dwight David Eisenhower Transportation Fellowship Program (DDETFP) Graduate Fellowship,DOT-FHWA,Posted,1/31/2024,4/5/2024,Grant,Education,No,35500,5000
693JJ322NF5202-2024,Administration of the Dwight David Eisenhower Transportation Fellowship Program (DDETFP) Local Competition at Designated Institutions of Higher Education,DOT-FHWA,Posted,1/29/2024,3/29/2024,Grant,Education,No,50000,1500
693JJ924R000018,State Process for Informing Consumers of Recalls,DOT-NHTSA,Posted,2/5/2024,3/5/2024,Grant,Transportation,No,4100000,0
693JJ924R000025,State Electronic Data Collection (SEDC) Grant,DOT-NHTSA,Posted,1/31/2024,3/12/2024,Grant,Infrastructure Investment and Jobs Act (IIJA),Yes,0,0
7200AA19APS00007-23,LOCALLY LED DEVELOPMENT ANNUAL PROGRAM STATEMENT,USAID-JOR,Posted,1/18/2024,2/15/2024,Cooperative Agreement,"Education
Health
Income Security and Social Services",No,300000,0
7200AA24RFI00004,Request for Information (RFI) Utilization of Unmanned Aerial Systems (UAS) in humanitarian assistance and development,USAID,Posted,1/17/2024,3/18/2024,Other,"Other (see text field entitled ""Explanation of Other Category of Funding Activity"" for clarification)",No,0,0
7200AA24RFI00009,Request for Information (RFI) Indigenous-led Tourism Partnerships to Advance Well-being,USAID,Posted,1/17/2024,2/29/2024,Other,Community Development,No,0,0
72011524RFA00002,Regional Approaches for Eradicating Tuberculosis (RAFET),USAID-KAZ,Posted,1/22/2024,2/19/2024,Cooperative Agreement,Health,No,10000000,500000
72011524RFI00002,Soliciting Information for a Civil Society & Human Rights Project in Kazakhstan,USAID-KAZ,Posted,1/29/2024,2/29/2024,Other,Regional Development,No,10000000,500000
72012124RFA00001,Rehabilitation for Ukraine (Rehab4U) Activity,USAID-UKR,Posted,1/23/2024,4/5/2024,Cooperative Agreement,Health,No,40000000,0
72012124RFA00024,Healing & Accountability through Human Rights,USAID-UKR,Posted,1/30/2024,2/29/2024,Cooperative Agreement,"Other (see text field entitled ""Explanation of Other Category of Funding Activity"" for clarification)",No,25000000,0
72036724RFA00001,USAID Small Grants for Biodiversity,USAID-NEP,Posted,2/6/2024,4/8/2024,Cooperative Agreement,Environment,Yes,9000000,0
72036724RFI00002,72036724RFI00002,USAID-NEP,Posted,1/31/2024,5/1/2024,Other,Disaster Prevention and Relief,No,1,0
72038824RFA00003,USAID Enabling Environment for Climate Resilience Activity (EECRA),USAID-BAN,Posted,2/5/2024,5/6/2024,Cooperative Agreement,Environment,No,15000000,15000000
72039124RFI00002,"Request for Information On Water, Climate, and Gender in Pakistan",USAID-PAK,Forecasted,1/23/2024,6/22/2026,Funding Instrument Type:,Category of Funding Activity:,Cost Sharing or Matching Requirement:,1500000,0
72044024RFA00001,USAID Strengthening Local Health Security,USAID-VIE,Posted,2/6/2024,4/5/2024,Cooperative Agreement,Health,Yes,21500000,0
72051424RFA00001,ROOTS/RAICES,USAID-COL,Posted,1/19/2024,2/26/2024,Other,"Community Development
Environment",No,20000000,0
72051824RFA00001,Fostering Accountability through Investigative Reporting (FAIR),USAID-PER,Posted,2/6/2024,4/5/2024,Cooperative Agreement,"Other (see text field entitled ""Explanation of Other Category of Funding Activity"" for clarification)",No,7000000,7000000
72052724RFI00002,Request for Information (RFI) No 72052724RFI00002 - USAID Value-chain Opportunities for Indigenous Conservation Enterprises (VOICE),USAID-PER,Posted,1/16/2024,3/18/2024,"Cooperative Agreement
Other","Natural Resources
Environment",No,1000000,5000
72052724RFI00003,Public/Private partnerships for natural climate solutions,USAID-PER,Posted,1/24/2024,2/23/2024,Other,Environment,No,0,0
72061524RFI00002,USAID/Kenya and East Africa Global Health Security (GHS) Activity,USAID-KEN,Posted,1/29/2024,1/13/2027,Other,Health,No,0,0
72068524RFA00009,Increasing Pathways to Learning (IPL),USAID-SEN,Posted,1/16/2024,3/1/2024,"Grant
Cooperative Agreement","Education
Other (see text field entitled ""Explanation of Other Category of Funding Activity"" for clarification)",No,100000,25000
75N99224R0002,Transplantation of Human Eye Allografts (THEA),HHS-ARPAH,Posted,1/17/2024,3/31/2024,Cooperative AgreementOther,Science and Technology and other Research and Development,No,0,0
AF-DRC-PDS-FY24-01,U.S. Mission in Kinshasa Public Diplomacy Annual Program Statement,DOS-COD,Posted,1/31/2024,1/1/2099,Cooperative Agreement,"Other (see text field entitled ""Explanation of Other Category of Funding Activity"" for clarification)",No,25000,2000
AF-HAR-FY24-08,Promoting Democratic Principles in Zimbabwe,DOS-ZWE,Forecasted,1/19/2024,8/15/2024,Funding Instrument Type:,Category of Funding Activity:,Cost Sharing or Matching Requirement:,50000,20000
AFYDE-JTF-GR-POLECON-2024,"Julia Taft Refugee Notice of Funding Opportunity, POL/ECON, U.S. Embassy Yaounde",DOS-CMR,Posted,1/25/2024,3/24/2024,Grant,"Other (see text field entitled ""Explanation of Other Category of Funding Activity"" for clarification)",No,25000,12500
BH-003-FY2024,DEMOCRACY COMMISSION SMALL GRANTS PROGRAM,DOS-BIH,Posted,1/23/2024,3/22/2024,Grant,"Other (see text field entitled ""Explanation of Other Category of Funding Activity"" for clarification)",No,50000,1000
BH-004-FY2024,WOMEN’S EMPOWERMENT SMALL GRANTS PROGRAM,DOS-BIH,Posted,1/23/2024,1/7/2027,Grant,"Other (see text field entitled ""Explanation of Other Category of Funding Activity"" for clarification)",No,50000,1000
CDC-RFA-DP-24-0139,Improving Adolescent Health and Well-Being Through School-Based Surveillance and the What Works in Schools Program,HHS-CDC-NCCDPHP,Posted,2/1/2024,3/1/2024,Cooperative Agreement,Health,No,0,0
CDC-RFA-JG-24-0131,Public Health Partnerships to Accelerate Prevention and Control of Infectious Diseases and Emerging Public Health Threats in China and Globally,HHS-CDC,Forecasted,1/25/2024,3/27/2024,Funding Instrument Type:,Category of Funding Activity:,Cost Sharing or Matching Requirement:,0,0
CDC-RFA-JG-24-0134,"Advancing Diagnostic Network Optimization, Stepwise Laboratory Accreditation, and Integrated One Health Specimen Transport in Liberia",HHS-CDC,Forecasted,1/25/2024,3/26/2024,Funding Instrument Type:,Category of Funding Activity:,Cost Sharing or Matching Requirement:,0,0
CDC-RFA-JG-24-0135,Achieving Global Health Security Through Strengthening Public Health Emergency Preparedness and Management Platforms in Liberia,HHS-CDC,Forecasted,1/25/2024,3/1/2024,Funding Instrument Type:,Category of Funding Activity:,Cost Sharing or Matching Requirement:,0,0
CDC-RFA-PS-24-0028,"NCHHSTP Epidemiologic and Economic Modeling for HIV, Viral Hepatitis, STD, and TB",HHS-CDC-NCHHSTP,Posted,2/5/2024,5/2/2024,Cooperative Agreement,Health,No,0,0
CDC-RFA-PS-24-0082,Sexually Transmitted Infection Surveillance Network (SSuN) Cycle 5,HHS-CDC-NCHHSTP,Posted,2/8/2024,5/8/2024,Cooperative Agreement,Health,No,0,0
CDC-RFA-PS-24-0146,Evaluation of HIV Prevention and Care Interventions that Address Select Social and Structural Drivers of Inequities among Communities Disproportionately Affected by HIV,HHS-CDC-NCHHSTP,Forecasted,1/26/2024,4/24/2024,Funding Instrument Type:,Category of Funding Activity:,Cost Sharing or Matching Requirement:,0,0
CDC-RFA-PW-24-0080,Strengthening Public Health Systems and Services through National Partnerships to Improve and Protect the Nation's Health,HHS-CDC,Posted,1/31/2024,5/1/2024,Cooperative Agreement,Health,No,0,0
CDC-RFA-TU-24-0137,Public Health Emergency Preparedness (PHEP) Cooperative Agreement,HHS-CDC-ORR,Forecasted,1/18/2024,2/11/2027,Funding Instrument Type:,Category of Funding Activity:,Cost Sharing or Matching Requirement:,10000000,350000
CDC-RFA-TU-24-0142,Regional Centers for Public Health Preparedness and Response,HHS-CDC-ORR,Forecasted,2/2/2024,4/8/2024,Funding Instrument Type:,Category of Funding Activity:,Cost Sharing or Matching Requirement:,720000,400000
CMS-2M2-24-001,"State Grants for the Implementation, Enhancement, and Expansion of Medicaid and CHIP School-Based Services",HHS-CMS,Posted,1/24/2024,3/26/2024,Cooperative Agreement,Health,No,2500000,0
D24AS00253,Slip-on Tanker Units,DOI-IBC,Posted,2/6/2024,7/17/2029,Grant,Disaster Prevention and Relief,No,200000,10000
DC-WP-24-001,Denali Commission Program Grants,DC,Posted,1/17/2024,3/31/2024,Cooperative AgreementGrant,"Community Development
Employment, Labor and Training
Energy
Environment
Health
Housing
Infrastructure Investment and Jobs Act (IIJA)
Transportation",Yes,2000000,20000
DE-FOA-0003076,"Notice of Intent related to Regional Scale Collaboration to Facilitate a Domestic Critical Minerals Future: Carbon Ore, Rare Earth, and Critical Minerals (CORE-CM) Initiative",DOE-NETL,Posted,1/24/2024,3/8/2024,Cooperative Agreement,"Energy
Science and Technology and other Research and Development",Yes,2,1
DE-FOA-0003097,Marine Energy University Foundational R&D,DOE-GFO,Posted,1/17/2024,3/18/2024,Cooperative Agreement,Energy,No,1000000,200000
DE-FOA-0003198,"Distribution Communication and Control Technologies Research, Development, and Demonstration",DOE-NETL,Posted,1/18/2024,4/12/2024,Cooperative Agreement,Energy,Yes,2400000,1
DE-FOA-0003202,FY 2024 Phase I Release 2,PAMS-SC,Posted,1/18/2024,3/18/2024,Grant,Science and Technology and other Research and Development,No,1850000,200000
DE-FOA-0003209,DE-FOA-0003209 Regional Resource Hubs for Purpose-Grown Energy Crops,DOE-GFO,Posted,2/8/2024,6/13/2024,Cooperative Agreement,Energy,Yes,10000000,5000000
DE-FOA-0003213,Hydrogen and Fuel Cell Technologies Office FOA to Advance the National Clean Hydrogen Strategy,DOE-GFO,Posted,1/24/2024,2/23/2024,Cooperative Agreement,Energy,Yes,10000000,300000
DE-FOA-0003219,FY24 Energy and Emissions Intensive Industries,DOE-GFO,Posted,1/25/2024,3/27/2024,Cooperative Agreement,Energy,Yes,7000000,500000
DE-FOA-0003236,Platform Technologies for Transformative Battery Manufacturing,DOE-GFO,Posted,1/29/2024,2/28/2024,Cooperative Agreement,Energy,Yes,4100000,1000000
DE-FOA-0003258,Energy Frontier Research Centers (EFRC),PAMS-SC,Posted,1/22/2024,1/1/2099,GrantOther,Science and Technology and other Research and Development,No,16000000,8000000
DE-FOA-0003261,FY 2024 Research and Development for Next Generation Nuclear Physics Accelerator Facilities,PAMS-SC,Posted,1/18/2024,2/16/2024,GrantOther,Science and Technology and other Research and Development,No,2000000,50000
DE-FOA-0003263,Industrial Deployment and Demonstration Opportunities for Carbon Capture Technologies,DOE-NETL,Posted,1/29/2024,3/11/2024,Cooperative Agreement,"Energy
Environment",No,2,1
DE-FOA-0003265,Accelerated Research in Quantum Computing,PAMS-SC,Posted,2/7/2024,4/10/2024,Grant,Science and Technology and other Research and Development,No,15000000,1250000
DE-FOA-0003266,Data Reduction for Science,PAMS-SC,Posted,1/16/2024,3/1/2024,GrantOther,Science and Technology and other Research and Development,No,3000000,600000
DE-FOA-0003275,Request for Information Receivers and Reactors for Concentrating Solar-Thermal Power Plants and Solar Industrial Process Heat,DOE-GFO,Posted,1/22/2024,3/19/2024,Grant,Energy,No,1,0
DE-FOA-0003296,Combined Wellbore Construction High Temperature Tools and Reservoir Thermal Energy Storage (RTES),DOE-GFO,Posted,1/30/2024,4/26/2024,Cooperative Agreement,Energy,No,10000000,100000
DE-FOA-0003297,"NOTICE OF INTENT TO ISSUE FUNDING OPPORTUNITY ANNOUNCEMENT NO. DE-FOA-0003298, CLEAN ENERGY TECHNOLOGY DEPLOYMENT ON TRIBAL LANDS - 2024",DOE-GFO,Posted,1/17/2024,3/18/2024,Grant,Energy,No,2,1
DE-FOA-0003300,EXPRESS: 2024 Exploratory Research for Extreme Scale Science,PAMS-SC,Posted,1/19/2024,3/18/2024,GrantOtherProcurement Contract,Science and Technology and other Research and Development,No,1100000,300000
DE-FOA-0003302,Request for Information (RFI): OFFSHORE WIND NATIONAL AND REGIONAL RESEARCH AND DEVELOPMENT PRIORITIES,DOE-GFO,Posted,1/19/2024,3/18/2024,Grant,"Other (see text field entitled ""Explanation of Other Category of Funding Activity"" for clarification)",No,750000,200000
DE-FOA-0003303,Catalyzing Innovative Research for Circular Use of Long-Lived Advanced Rechargeables (CIRCULAR),DOE-ARPAE,Posted,1/31/2024,12/31/2024,Cooperative AgreementGrantOtherProcurement Contract,"Opportunity Zone Benefits
Science and Technology and other Research and Development",Yes,5000000,500000
DE-FOA-0003304,Request for Information: Supporting Successful Solar Plus Storage Deployment Serving Low-Income and Disadvantaged Communities,DOE-GFO,Posted,1/23/2024,6/25/2026,Other,Energy,No,1,1
DE-FOA-0003306,Request for Information (RFI) - Securing New Sources of Helium for Advanced Energy Applications,DOE-ARPAE,Posted,1/31/2024,3/27/2024,Cooperative Agreement,"Opportunity Zone Benefits
Science and Technology and other Research and Development",No,0,0
DE-FOA-0003308,Small Innovative Projects in Solar: Concentrating Solar Power and Photovoltaics (SIPS: CSP & PV) – Annual,DOE-GFO,Posted,1/18/2024,3/31/2024,Grant,"Education
Health",No,0,0
DE-FOA-0003324,Catalyzing Innovative Research for Circular Use of Long-Lived Advanced Rechargeables SBIR/STTR (CIRCULAR SBIR/STTR),DOE-ARPAE,Posted,1/31/2024,3/12/2024,Cooperative AgreementGrantOtherProcurement Contract,"Opportunity Zone Benefits
Science and Technology and other Research and Development",No,5000000,500000
DFOP0005136,FY 2024 Notice of Funding Opportunity for NGO Programs Benefiting Refugees in Ethiopia,DOS-PRM,Posted,2/6/2024,3/11/2024,Cooperative Agreement,"Other (see text field entitled ""Explanation of Other Category of Funding Activity"" for clarification)",No,2000000,500000
DHS-23-GPD-044-00-98,Fiscal Year 2023 Assistance to Firefighters Grant (AFG),DHS-DHS,Posted,1/24/2024,3/23/2024,Grant,"Other (see text field entitled ""Explanation of Other Category of Funding Activity"" for clarification)",Yes,9000000,0
DHS-24-TTP-132-00-99,Fiscal Year 2024 Targeted Violence and Terrorism Prevention Grant Program,DHS-DHS,Posted,1/29/2024,7/5/2024,Grant,"Other (see text field entitled ""Explanation of Other Category of Funding Activity"" for clarification)",No,1200000,50000
DOS-AZE-PD-24-01,ALUMNI ENGAGEMENT INNOVATION FUND,DOS-AZE,Posted,1/16/2024,3/18/2024,"Grant
Cooperative Agreement","Education
Natural Resources",No,35000,5000
DOS-LONDON-PD-2024-01,U.S. Embassy to the United Kingdom PAS Annual Program Statement,DOS-GBR,Posted,1/18/2024,3/15/2024,Cooperative AgreementGrant,"Other (see text field entitled ""Explanation of Other Category of Funding Activity"" for clarification)",No,100000,10000
DOS-LONDON-PD-2024-02,Promoting a Better Understanding of the United States through American Studies,DOS-GBR,Posted,1/18/2024,4/12/2024,Cooperative Agreement,"Other (see text field entitled ""Explanation of Other Category of Funding Activity"" for clarification)",No,200000,0
DOS-PAS-ANG-FY24-01,U.S. Embassy Luanda Public Diplomacy Section Request for Statements of Interest: Annual Program Statement,DOS-AGO,Posted,1/22/2024,2/19/2024,Grant,"Other (see text field entitled ""Explanation of Other Category of Funding Activity"" for clarification)",No,50000,20000
DOS-PAS-SLO-2024-001,FY 2024 Notice of Funding Opportunity: NGO Small Grants Program,DOS-SVN,Posted,1/31/2024,2/29/2024,Grant,"Education
Employment, Labor and Training
Environment
Humanities (see ""Cultural Affairs"" in CFDA)
Law, Justice and Legal Services
Science and Technology and other Research and Development",No,15000,3000
DOS-PAS-SLO-2024-002,FY 2024 Notice of Funding Opportunity: Cultural Grants Program,DOS-SVN,Posted,1/31/2024,3/31/2024,Grant,"Education
Humanities (see ""Cultural Affairs"" in CFDA)",No,15000,3000
ED-GRANTS-011824-001,"Office of Postsecondary Education (OPE): International Foreign Language Education (IFLE): Fulbright-Hays Group Projects Abroad (GPA) Program—Short-Term Projects, Assistance Listing Number 84.021A",ED,Posted,1/18/2024,5/31/2024,Cooperative Agreement,Science and Technology and other Research and Development,No,80143,0
ED-GRANTS-011824-002,"Office of Postsecondary Education (OPE): International Foreign Language Education (IFLE): Fulbright-Hays Group Projects Abroad (GPA) Program—Long-Term Projects, Assistance Listing Number 84.021B",ED,Posted,1/18/2024,3/15/2024,Grant,Education,No,180000,0
ED-GRANTS-012624-001,"Office of Postsecondary Education (OPE): International Foreign Language Education (IFLE): American Overseas Research Centers (AORC) Program, Assistance Listing Number 84.274A",ED,Posted,1/26/2024,3/30/2024,Grant,Education,No,82000,0
ED-GRANTS-012924-001,"Office of Postsecondary Education (OPE): International Foreign Language Education (IFLE): Fulbright-Hays Doctoral Dissertation Research Abroad (DDRA) Fellowship Program, Assistance Listing Number 84.022A",ED,Posted,1/29/2024,3/14/2024,Grant,Education,No,0,0
ED-GRANTS-1012425-001,"OSERS: OSEP: Preservice Development Grants at Historically Black Colleges and Universities, Tribally Controlled Colleges and Universities, and Other Minority Serving Institutions to Diversify Personnel Serving Children with Disabilities, ALN 84.325X",ED,Posted,1/25/2024,3/15/2024,Cooperative Agreement,Education,No,150000,0
EPA-I-OW-OWM-23-04,Centers of Excellence for Stormwater Control Infrastructure Technologies Grant Program,EPA,Posted,1/17/2024,3/18/2024,Cooperative Agreement,Infrastructure Investment and Jobs Act (IIJA),No,980000,588000
ETA-TEGL-08-23,Information Technology (IT) Implementation and Support Funding for Senior Community Service Employment (SCSEP) State and Territorial Grantees for Program Year (PY) 2023,DOL-ETA,Posted,1/25/2024,4/22/2024,Grant,"Employment, Labor and Training",No,5000000,0
F24AS00225,F24AS00225 - Aquatic Invasive Species Grants to Great Lakes States - Fiscal Year 2024 Great Lakes Restoration Initiative,DOI-FWS,Posted,1/31/2024,3/31/2024,Cooperative AgreementGrant,Natural Resources,No,800000,100000
F24AS00226,F24AS00226 - Aquatic Invasive Species Grants to Great Lakes Tribes - Fiscal Year 2024 Great Lakes Restoration Initiative,DOI-FWS,Posted,1/31/2024,4/1/2024,Cooperative AgreementGrant,Natural Resources,No,100000,20000
F24AS00227,F24AS00227 - Aquatic Invasive Species Interjurisdictional Grants to the Great Lakes States and Tribes - Fiscal Year 2024 Great Lakes Restoration Initiative,DOI-FWS,Posted,1/31/2024,12/31/2024,Cooperative AgreementGrant,Natural Resources,No,941747,50000
F24AS00232,F24AS00232-Great Lakes Restoration Initiative – Joint Venture Habitat Restoration and Protection,DOI-FWS,Posted,1/18/2024,3/29/2024,Grant,Natural Resources,Yes,300000,25000
F24AS00256,F24AS00256 2024 State and Interstate Aquatic Nuisance Species Management Plan Grant Program,DOI-FWS,Posted,2/7/2024,4/8/2024,Grant,Natural Resources,Yes,150000,5000
FA875024S7002,NETWORKING THE FIGHT BAA INDUSTRY DAY ANNOUNCEMENT,DOD-AFRL,Posted,1/30/2024,4/1/2024,Other,Science and Technology and other Research and Development,No,0,0
FOAAFRLAFOSR20240002,"Fiscal Year 2024 Science, Technology, Engineering and Mathematics (STEM) Program",DOD-AFOSR,Posted,1/17/2024,3/31/2024,Grant,Science and Technology and other Research and Development,No,450000,1
FOA-ETA-24-04,"Apprenticeship Building America, Round 2 (ABA2)",DOL-ETA,Forecasted,2/6/2024,5/1/2024,Funding Instrument Type:,Category of Funding Activity:,Cost Sharing or Matching Requirement:,8000000,1000000
FOA-ETA-24-05,Pathway Home 5,DOL-ETA,Posted,2/8/2024,4/4/2024,Grant,"Employment, Labor and Training",No,4000000,1000000
FOA-ETA-24-06,Growth Opportunities - Rounds 4 and 5,DOL-ETA,Posted,2/7/2024,4/15/2024,Grant,"Employment, Labor and Training",No,5100000,1000000
FOA-ETA-24-11,Senior Community Service Employment Program (SCSEP) National Grants Competition for Program Year (PY) 2024,DOL-ETA,Forecasted,1/30/2024,5/30/2024,Funding Instrument Type:,Category of Funding Activity:,Cost Sharing or Matching Requirement:,50000000,2000000
FOA-ETA-24-12,SCSEP Optional Demonstration Grants on Sector-Based Training for Low-Income Older Adult Workers,DOL-ETA,Forecasted,1/30/2024,4/4/2024,Funding Instrument Type:,Category of Funding Activity:,Cost Sharing or Matching Requirement:,5000000,2000000
FOA-ETA-24-15,National Farmworker Jobs Program (NFJP) Grants for Career Services and Training,DOL-ETA,Forecasted,1/30/2024,3/30/2024,Funding Instrument Type:,Category of Funding Activity:,Cost Sharing or Matching Requirement:,8000000,70000
FOA-ETA-24-16,Job Corps Information Technology Academy/Hub,DOL-ETA,Forecasted,1/23/2024,2/22/2024,Funding Instrument Type:,Category of Funding Activity:,Cost Sharing or Matching Requirement:,20000000,0
FOA-VETS-24-50,"Homeless Veterans’ Reintegration Program (HVRP), Incarcerated Veterans’ Transition Program (IVTP), and the Homeless Women Veterans' and Homeless Veterans' with Children Reintegration Grant Program (HWVHVWC) (referred to collectively as HVRP)",DOL-VETS,Posted,1/29/2024,3/22/2024,Grant,"Employment, Labor and Training",No,600000,0
FR-6700-N-08,FY 2023 and FY 2024 Rural Capacity Building for Community Development and Affordable Housing Grants (RCB),HUD,Posted,1/22/2024,3/19/2024,Grant,Community Development,No,3500000,750000
FR-6700-N-48,Indian Housing Block Grant (IHBG) Competitive Grant Program,HUD,Posted,1/17/2024,3/18/2024,Grant,Housing,No,7500000,500000
FR-AMT-24-003,FY24 National Network Cooperative Agreement to the National Railroad Passenger Corporation CR2,DOT-FRA,Posted,1/30/2024,3/12/2024,Cooperative Agreement,Transportation,No,204288723,0
FR-AMT-24-004,FY24 Northeast Corridor Cooperative Agreement to the National Railroad Passenger Corporation CR2,DOT-FRA,Posted,1/30/2024,2/14/2024,Cooperative Agreement,Transportation,No,215761770,0
FTA-2024-003-TPM-LWNO,FY2024 Competitive Funding Opportunity: Low- or No-Emission Program,DOT-FTA,Posted,2/8/2024,4/25/2024,Grant,Transportation,Yes,0,0
FTA-2024-004-TPM-BUS,FY2024 Competitive Funding Opportunity: Buses and Bus Facilities Program,DOT-FTA,Posted,2/8/2024,4/25/2024,Grant,Transportation,Yes,39004582,0
FY-2024-BSB-410602,Julia Taft Refugee Fund,DOS-BRA,Posted,2/1/2024,4/1/2024,Grant,Regional Development,No,25000,25000
G24AS00235,Cooperative Agreement for CESU-affiliated Partner with Pacific Northwest Cooperative Ecosystem Studies Unit,DOI-USGS1,Posted,1/22/2024,4/15/2024,Cooperative Agreement,Science and Technology and other Research and Development,No,138000,58000
G24AS00242,Cooperative Agreement for CESU-affiliated Partner with Great Lakes – Northern Forest Cooperative Ecosystem Studies Unit,DOI-USGS1,Posted,1/18/2024,3/12/2024,Cooperative Agreement,Science and Technology and other Research and Development,No,180000,65800
G24AS00243,Cooperative Agreement for CESU-affiliated Partner with Great Basin Cooperative Ecosystem Studies Unit,DOI-USGS1,Posted,1/18/2024,3/18/2024,Cooperative Agreement,Science and Technology and other Research and Development,No,499999,99999
G24AS00244,Cooperative Agreement for CESU-affiliated Partner with Rocky Mountain Cooperative Ecosystem Studies Unit,DOI-USGS1,Posted,1/18/2024,8/13/2024,Other,"Other (see text field entitled ""Explanation of Other Category of Funding Activity"" for clarification)",No,10000000,250000
G24AS00245,Cooperative Agreement for CESU-affiliated Partner with Great Rivers Cooperative Ecosystem Studies Unit,DOI-USGS1,Posted,1/18/2024,3/18/2024,Grant,Education,No,300000,0
G24AS00246,Cooperative Agreement for CESU-affiliated Partner with Alaska Cooperative Ecosystem Studies Unit,DOI-USGS1,Posted,1/29/2024,8/14/2024,Cooperative Agreement,Science and Technology and other Research and Development,No,180000,60000
G24AS00247,Cooperative Agreement for CESU-affiliated Partner with Great Basin Cooperative Ecosystem Studies Unit,DOI-USGS1,Posted,2/8/2024,3/8/2024,Cooperative Agreement,Science and Technology and other Research and Development,No,499999,211399
G24AS00254,Cooperative Agreement for CESU-affiliated Partner with Californian Cooperative Ecosystem Studies Unit,DOI-USGS1,Posted,2/1/2024,4/1/2024,Cooperative Agreement,Science and Technology and other Research and Development,No,486000,161400
G24AS00255,Cooperative Agreement for CESU-affiliated Partner with Chesapeake Watershed Cooperative Ecosystem Studies Unit,DOI-USGS1,Posted,2/1/2024,5/1/2024,Cooperative Agreement,Science and Technology and other Research and Development,No,80000,50000
G24AS00257,Earth Mapping Resources Initiative (Earth MRI) Mine Waste Cooperative Agreements FY2024,DOI-USGS1,Posted,2/6/2024,4/5/2024,Cooperative Agreement,Natural Resources,No,354000,2000
G24AS00259,Cooperative Agreement for CESU-affiliated Partner with Great Basin Cooperative Ecosystem Studies Unit,DOI-USGS1,Posted,2/8/2024,1/7/2026,Cooperative Agreement,Science and Technology and other Research and Development,No,125000,0
HE125424R5000,Grants to Military-Connected Local Educational Agencies for Academic and Support Programs and the World Language Advancement and Readiness Program,DOD-DODEA,Posted,1/17/2024,3/1/2024,Grant,Education,No,2000000,500000
HHS-2024-ACF-ECD-TH-0135,"Tribal Maternal, Infant, and Early Childhood Home Visiting Program Grants",HHS-ACF,Posted,1/19/2024,11/5/2024,Cooperative Agreement,Income Security and Social Services,No,1000000,250000
HHS-2024-ACF-OCS-EE-0152,Community Economic Development Planning Grants,HHS-ACF-OCS,Forecasted,1/26/2024,1/7/2027,Funding Instrument Type:,Category of Funding Activity:,Cost Sharing or Matching Requirement:,150000,75000
HHS-2024-ACF-OCSS-FD-0015,Next Generation Child Support Employment Services Demonstration,HHS-ACF-OCSS,Posted,2/2/2024,5/2/2024,Cooperative Agreement,Income Security and Social Services,No,588235,100000
HHS-2024-ACF-OCSS-FD-0016,Technical Assistance and Evaluation of the Next Generation Child Support Employment Services Demonstration,HHS-ACF-OCSS,Posted,2/2/2024,4/24/2024,Cooperative Agreement,Income Security and Social Services,No,3587353,3587353
HHS-2024-ACF-OHS-CH-R1-0068,Head Start/Early Head Start Recipient -- Communities in the state of Massachusetts,HHS-ACF-OHS,Posted,1/24/2024,3/26/2024,Grant,Income Security and Social Services,Yes,9837077,1000000
HHS-2024-ACF-OHS-CH-R3-0073,Head Start/Early Head Start Recipient -- Communities in the Commonwealth of Pennsylvania,HHS-ACF-OHS,Posted,1/24/2024,3/22/2024,Grant,Income Security and Social Services,Yes,10958463,1000000
HHS-2024-ACF-OHS-CH-R3-0075,Head Start/Early Head Start Recipient -- Communities in the Commonwealth of Virginia,HHS-ACF-OHS,Posted,1/24/2024,3/22/2024,Grant,Income Security and Social Services,Yes,3365187,1000000
HHS-2024-ACF-OHS-CH-R4-0090,Head Start/Early Head Start Recipient -- Communities in the state of Georgia,HHS-ACF-OHS,Posted,1/24/2024,6/30/2024,Grant,Income Security and Social Services,Yes,4283518,1000000
HHS-2024-ACF-OHS-CH-R5-0079,Head Start/Early Head Start Recipient -- Communities in the state of Indiana,HHS-ACF-OHS,Posted,1/24/2024,3/5/2024,Grant,Income Security and Social Services,Yes,3760840,1000000
HHS-2024-ACF-OHS-CH-R5-0082,Head Start/Early Head Start Recipient -- Communities in the state of Illinois,HHS-ACF-OHS,Posted,1/24/2024,1/1/2099,Grant,Income Security and Social Services,Yes,6301899,1000000
HHS-2024-ACF-OHS-CH-R9-0104,Head Start/Early Head Start Recipient -- Communities in the state of California,HHS-ACF-OHS,Posted,1/24/2024,3/26/2024,Grant,Income Security and Social Services,Yes,29661911,1000000
HHS-2024-ACF-OHS-HP-R3-0072,Early Head Start Expansion and Early Head Start-Child Care Partnership Grants - Communities in the Commonwealth of Pennsylvania,HHS-ACF-OHS,Posted,1/24/2024,3/27/2024,Grant,"Income Security and Social Services
Opportunity Zone Benefits",Yes,6914508,1000000
HHS-2024-ACF-OPRE-YE-0089,Center for Home-based Child Care Research,HHS-ACF-OPRE,Forecasted,1/24/2024,2/23/2024,Funding Instrument Type:,Category of Funding Activity:,Cost Sharing or Matching Requirement:,700000,350000
HHS-2024-ACF-OPRE-YE-1212,Access to Infant and Toddler Care and Education: Research and Evaluation Grants,HHS-ACF-OPRE,Forecasted,1/18/2024,3/1/2024,Funding Instrument Type:,Category of Funding Activity:,Cost Sharing or Matching Requirement:,450000,75000
HHS-2024-ACL-AOA-FPSG-0036,"2024 Enhancing Statewide Falls Prevention Awareness, Strategy, and Collaboration",HHS-ACL,Posted,1/25/2024,3/8/2024,Cooperative Agreement,Health,No,2500000,2500000
HHS-2024-ACL-CIP-MPPG-0037,Senior Medicare Patrol State Project Grant - Vermont,HHS-ACL,Forecasted,1/22/2024,3/19/2024,Funding Instrument Type:,Category of Funding Activity:,Cost Sharing or Matching Requirement:,400000,1500
HHS-2024-ACL-CIP-MPPG-0038,Senior Medicare Patrol (SMP) State Project Grants - Vermont,HHS-ACL,Forecasted,2/8/2024,5/15/2024,Funding Instrument Type:,Category of Funding Activity:,Cost Sharing or Matching Requirement:,400000,1500
HHS-2024-ACL-NIDILRR-DPHF-0087,Disability and Rehabilitation Research Projects (DRRP) Program: Health and Function (Research),HHS-ACL,Posted,2/7/2024,4/12/2024,Grant,Science and Technology and other Research and Development,No,500000,495000
HHS-2024-ACL-NIDILRR-DPHF-0088,Disability and Rehabilitation Research Projects (DRRP) Program: Health and Function (Development),HHS-ACL,Posted,2/7/2024,3/22/2024,Grant,Science and Technology and other Research and Development,No,500000,495000
HHS-2024-ACL-NIDILRR-IFST-0075,Field Initiated Projects Program: Minority-Serving Institution (MSI) -Research,HHS-ACL,Posted,1/16/2024,3/15/2024,Grant,Science and Technology and other Research and Development,No,200000,195000
HHS-2024-ACL-NIDILRR-IFST-0076,Field Initiated Projects Program: Minority-Serving Institution (MSI) - Development,HHS-ACL,Posted,1/16/2024,4/12/2024,Grant,Science and Technology and other Research and Development,No,200000,195000
HRSA-24-002,Medicare Rural Hospital Flexibility Program,HHS-HRSA,Posted,1/17/2024,4/1/2024,Cooperative Agreement,Health,No,0,0
HRSA-24-006,Medicare Rural Hospital Flexibility Program – Emergency Medical Services Supplement,HHS-HRSA,Posted,1/24/2024,5/8/2024,Cooperative Agreement,Health,No,0,0
HRSA-24-011,Licensure Portability Grant Program,HHS-HRSA,Posted,2/7/2024,4/8/2024,Grant,Health,No,0,0
HRSA-24-017,Advanced Nursing Education ï¿½ Sexual Assault Nurse Examiners (ANE-SANE) Program,HHS-HRSA,Posted,2/1/2024,4/24/2024,Grant,Health,No,0,0
HRSA-24-030,Native Hawaiian Health Care Improvement Act Program,HHS-HRSA,Posted,2/2/2024,10/6/2026,Grant,Health,Yes,0,0
HRSA-24-045,Poison Control Centers Program,HHS-HRSA,Posted,1/31/2024,3/22/2024,Grant,Health,No,0,0
HRSA-24-050,Maternal Health Training and Resource Center (MHTRC),HHS-HRSA,Posted,2/2/2024,5/2/2024,Cooperative Agreement,Health,No,0,0
HRSA-24-055,Supporting People with HIV as Leaders in HIV Systems of Care,HHS-HRSA,Posted,1/31/2024,5/1/2024,Cooperative Agreement,Health,No,0,0
IR-ORI-24-001,Ensuring Research Integrity - Conferences,HHS-OPHS,Posted,1/30/2024,2/14/2024,Grant,"Education
Science and Technology and other Research and Development",No,50000,25000
K-NOFO-24-100,Indo-Pacific Synergies Through the Lens of the Bay of Bengal,DOS-IND,Posted,2/8/2024,4/7/2024,Cooperative Agreement,Regional Development,No,130000,100000
L24AS00073,FY24 IIJA/IRA Bureau of Land Management MT/DAK Good Neighbor Authority,DOI-BLM,Posted,1/16/2024,5/7/2024,Cooperative Agreement,Natural Resources,No,3100000,50000
L24AS00079,FY24 IIJA/IRA Bureau of Land Management MT/DAK Invasive and Noxious Plant Management Program,DOI-BLM,Posted,1/16/2024,3/18/2024,Cooperative Agreement,Natural Resources,No,1000000,5000
L24AS00085,FY24 IIJA/IRA Bureau of Land Management MT/DAK Plant Conservation and Restoration Management,DOI-BLM,Posted,1/16/2024,4/12/2024,Cooperative Agreement,Natural Resources,No,2000000,75000
L24AS00088,FY24 IIJA/IRA Bureau of Land Management MT/DAK Threatened and Endangered Species Program,DOI-BLM,Posted,1/16/2024,3/18/2024,Cooperative Agreement,Natural Resources,No,3000000,50000
L24AS00092,FY24 IIJA/IRA Bureau of Land Management Nevada (NV) Rangeland Resource Management,DOI-BLM,Posted,1/19/2024,1/1/2099,Cooperative Agreement,Natural Resources,No,1200000,400000
L24AS00093,FY24 IIJA/IRA Bureau of Land Management MT/DAK Wildlife Program,DOI-BLM,Posted,1/16/2024,3/18/2024,"Cooperative Agreement
Grant","Natural Resources
Agriculture",Yes,2500000,25000
L24AS00097,FY24 IIJA/IRA Bureau of Land Management MT/DAK Youth Conservation Corps,DOI-BLM,Posted,1/16/2024,3/18/2024,"Cooperative Agreement
Grant","Natural Resources
Science and Technology and other Research and Development",Yes,2000000,10000
L24AS00113,FY24 Bureau of Land Management Oregon/Washington (ORWA) Secure Rural Schools Title II,DOI-BLM,Posted,1/25/2024,3/25/2024,Cooperative Agreement,Natural Resources,No,250000,5000
L24AS00118,FY24 IIJA/IRA Bureau of Land Management MT/DAK Fuels Management and Community Fire Assistance Program,DOI-BLM,Posted,1/16/2024,6/30/2024,Cooperative Agreement,Natural Resources,No,275000,20000
L24AS00124,FY24 IIJA/IRA Bureau of Land Management MT/DAK Aquatic Resource Management,DOI-BLM,Posted,1/16/2024,5/30/2024,Cooperative Agreement,Natural Resources,Yes,400000,20000
L24AS00228,FY24 IIJA/IRA Bureau of Land Management Nevada (NV) Cultural and Paleontology Resource Management,DOI-BLM,Posted,1/18/2024,4/11/2024,"Grant
Cooperative Agreement","Education
Health
Natural Resources",No,250000,25000
L24AS00229,FY24 IIJA/IRA Bureau of Land Management Nevada (NV) Recreation and Visitor Services Program,DOI-BLM,Posted,1/19/2024,3/19/2024,Cooperative Agreement,Natural Resources,No,750000,250000
L24AS00230,FY24 IIJA/IRA Bureau of Land Management Nevada (NV) Environmental Quality Protection Program,DOI-BLM,Posted,1/19/2024,3/18/2024,Cooperative Agreement,Natural Resources,No,700000,100000
L24AS00231,FY24 IIJA/IRA Bureau of Land Management Nevada (NV) Wildlife Program,DOI-BLM,Posted,1/19/2024,3/19/2024,Cooperative Agreement,Natural Resources,No,545500,174000
N0001424SBC02,Special Program Announcement for Office of Naval Research Opportunity: Fundamental Research Towards Expeditionary Air Warfare & Weapons,DOD-ONR,Posted,1/24/2024,4/25/2024,Grant,Science and Technology and other Research and Development,No,0,0
N0016424SNB35,Long Range Broad Agency Announcement (BAA) for NSWC Crane,DOD-ONR-SEA-CRANE,Posted,2/8/2024,2/7/2025,Grant,Science and Technology and other Research and Development,No,0,0
NAHA-PAS-FY24-01,FY2024 U.S. Consulate General Naha: U.S. Ambassador’s Scholarship Program,DOS-JPN,Posted,1/17/2024,3/31/2024,Grant,Education,Yes,115000,100000
NAHA-PAS-FY24-02,Okinawa Youth Council Program,DOS-JPN,Posted,1/17/2024,5/7/2024,Grant,"Other (see text field entitled ""Explanation of Other Category of Funding Activity"" for clarification)",No,10000,5000
NIGER-TAFT-GRANT-2024,PRM FY2023 Julia Taft Refugee Fund,DOS-NER,Posted,2/6/2024,6/13/2024,Grant,"Other (see text field entitled ""Explanation of Other Category of Funding Activity"" for clarification)",No,25000,10000
NOAA-NMFS-HCPO-2024-25198,FY 2024 Atlantic Salmon Habitat Restoration Partnership Grants,DOC-DOCNOAAERA,Posted,2/5/2024,4/29/2024,Cooperative Agreement,Natural Resources,No,1500000,100000
NOAA-OAR-TPO-2024-2008239,FY24 NOAA SBIR Phase II,DOC,Posted,1/31/2024,3/4/2024,Grant,"Environment
Natural Resources
Science and Technology and other Research and Development",No,6500000,0
NOT-NR-24-005,Notice of Intent to Publish a Funding Opportunity Announcement for Transformative Research to Address Health Disparities and Advance Health Equity (U01 Clinical Trial Optional),HHS-NIH11,Forecasted,1/23/2024,6/22/2026,Funding Instrument Type:,Category of Funding Activity:,Cost Sharing or Matching Requirement:,0,0
O-BJA-2024-171967,BJA FY24 Connect and Protect: Law Enforcement Behavioral Health Response Program,USDOJ-OJP-BJA,Posted,2/6/2024,3/22/2024,Grant,"Humanities (see ""Cultural Affairs"" in CFDA)",Yes,550000,0
O-BJA-2024-171972,BJA FY24 Adult Treatment Court Program,USDOJ-OJP-BJA,Posted,2/7/2024,4/2/2024,Grant,"Humanities (see ""Cultural Affairs"" in CFDA)",Yes,2500000,0
O-COPS-2024-171893,FY24 CPD Implementation of De-escalation Training Act Program,USDOJ-OJP-COPS,Posted,1/31/2024,4/1/2024,Cooperative Agreement,"Law, Justice and Legal Services",No,750000,0
OFOP0001266,U.S. Embassy Paraguay - PD Annual Program Statement Fiscal Year 2024,DOS-PRY,Posted,1/29/2024,5/2/2024,Cooperative Agreement,"Other (see text field entitled ""Explanation of Other Category of Funding Activity"" for clarification)",No,20000,5000
OFOP0001281,Implementation and Logistic support of a Police Athletic League in Guatemala,DOS-INL,Posted,1/18/2024,2/14/2024,Grant,"Other (see text field entitled ""Explanation of Other Category of Funding Activity"" for clarification)",No,200000,170000
OFOP0001288,Enhancing Law Enforcement Effectiveness through Canine Program Business Optimization,DOS-INL,Posted,1/18/2024,4/4/2024,Grant,"Other (see text field entitled ""Explanation of Other Category of Funding Activity"" for clarification)",No,20000,1000
OFOP0001292,Drug Demand Reduction Services for Rural Communities,DOS-INL,Posted,1/24/2024,4/22/2024,Cooperative Agreement,"Law, Justice and Legal Services",No,300000,280000
OFOP0001293,Alumni Engagement Innovation Fund 2024 Call for Proposals,DOS-BRB,Posted,1/30/2024,6/27/2024,Grant,Natural Resources,No,35000,5000
OFOP0001298,Strengthening Reinsertion Programs in Mexicoï¿½s Prisons,DOS-INL,Posted,2/7/2024,4/8/2024,Cooperative Agreement,"Law, Justice and Legal Services",No,500000,350000
O-NIJ-2024-171942,"NIJ FY24 Research on the Abuse, Neglect, and Financial Exploitation of Older Adults",USDOJ-OJP-NIJ,Posted,1/16/2024,3/18/2024,"Grant
Other","Science and Technology and other Research and Development
Environment",No,1500000,0
O-NIJ-2024-171946,NIJ FY24 Graduate Research Fellowship,USDOJ-OJP-NIJ,Posted,1/18/2024,2/16/2024,Grant,Science and Technology and other Research and Development,No,2250000,0
O-NIJ-2024-171947,NIJ FY24 National Juvenile Court Data Archive,USDOJ-OJP-NIJ,Posted,1/19/2024,3/19/2024,Grant,Science and Technology and other Research and Development,No,2000000,0
O-NIJ-2024-171948,NIJ FY24 Research on School-Based Hate Crimes,USDOJ-OJP-NIJ,Posted,2/5/2024,4/8/2024,Grant,Science and Technology and other Research and Development,No,1200000,1200000
O-NIJ-2024-171949,NIJ FY24 Research and Evaluation on Hate Crimes,USDOJ-OJP-NIJ,Posted,2/5/2024,3/22/2024,Grant,Science and Technology and other Research and Development,No,2500000,0
O-NIJ-2024-171957,NIJ FY24 Longitudinal Research on Delinquency and Crime,USDOJ-OJP-NIJ,Posted,1/30/2024,3/29/2024,Grant,Science and Technology and other Research and Development,No,2000000,0
O-NIJ-2024-171960,NIJ FY24 Research and Evaluation on Trafficking in Persons,USDOJ-OJP-NIJ,Posted,1/31/2024,4/24/2024,Cooperative Agreement,Science and Technology and other Research and Development,No,3000000,0
O-NIJ-2024-171962,NIJ FY24 Research and Development in Forensic Science for Criminal Justice Purposes,USDOJ-OJP-NIJ,Posted,2/1/2024,7/12/2024,Grant,Science and Technology and other Research and Development,No,13500000,0
O-NIJ-2024-171963,NIJ FY24 Research and Evaluation on Violence Against Women,USDOJ-OJP-NIJ,Posted,2/1/2024,4/1/2024,Cooperative Agreement,Science and Technology and other Research and Development,No,2300000,0
O-NIJ-2024-171964,NIJ FY24 Research and Evaluation of Services for Victims of Crime,USDOJ-OJP-NIJ,Posted,2/1/2024,11/13/2026,Grant,Science and Technology and other Research and Development,No,3000000,0
O-NIJ-2024-171966,NIJ FY24 Research and Evaluation on Firearm Violence and Mass Shootings,USDOJ-OJP-NIJ,Posted,2/5/2024,4/29/2024,Cooperative Agreement,Science and Technology and other Research and Development,No,3000000,0
O-NIJ-2024-171968,NIJ FY24 Research and Evaluation on the Impact of Technologies for Forensic Science Applications,USDOJ-OJP-NIJ,Posted,2/6/2024,7/6/2029,Grant,Science and Technology and other Research and Development,No,1000000,0
O-NIJ-2024-171969,NIJ FY24 Research and Evaluation for the Testing and Interpretation of Physical Evidence in Publicly Funded Forensic Laboratories,USDOJ-OJP-NIJ,Posted,2/6/2024,10/4/2024,Grant,Science and Technology and other Research and Development,No,1500000,0
O-NIJ-2024-171970,NIJ FY24 Research and Evaluation on Corrections,USDOJ-OJP-NIJ,Posted,2/6/2024,1/1/2099,Grant,Science and Technology and other Research and Development,No,3000000,0
O-NIJ-2024-171971,NIJ FY24 Evaluation on Desistance,USDOJ-OJP-NIJ,Posted,2/6/2024,5/7/2024,Grant,Science and Technology and other Research and Development,No,2000000,0
O-OVW-2024-171917,OVW Fiscal Year 2024 Grants to Indian Tribal Governments Program,USDOJ-OJP-OVW,Posted,2/1/2024,3/31/2024,Grant,"Law, Justice and Legal Services",No,1200000,400000
O-OVW-2024-171921,OVW Fiscal Year 2024 Research and Evaluation Initiative,USDOJ-OJP-OVW,Posted,2/7/2024,5/2/2024,Grant,"Law, Justice and Legal Services",No,500000,100000
O-OVW-2024-171922,OVW Fiscal Year 2024 Grants to Indian Tribal Governments: Strengthening Tribal Advocacy Responses Track (START),USDOJ-OJP-OVW,Posted,2/2/2024,4/15/2024,Grant,"Law, Justice and Legal Services",No,1200000,500000
O-OVW-2024-171924,OVW Fiscal Year 2024 Local Law Enforcement Grants for Enforcement of Cybercrimes Program,USDOJ-OJP-OVW,Posted,1/31/2024,1/1/2099,Grant,"Law, Justice and Legal Services",No,500000,0
O-OVW-2024-171934,OVW Fiscal Year 2024 Grants for Outreach and Services to Underserved Populations Program,USDOJ-OJP-OVW,Posted,2/6/2024,4/2/2024,Grant,"Law, Justice and Legal Services",No,625000,550000
O-OVW-2024-171936,OVW Fiscal Year 2024 Training and Services to End Violence and Abuse Against Individuals with Disabilities and Deaf People Program,USDOJ-OJP-OVW,Posted,2/6/2024,5/26/2029,Cooperative Agreement,"Law, Justice and Legal Services",No,725000,600000
OSAKA-PAS-FY24-01,FY2024 U.S. Consulate General Osaka-Kobe: Ambassador's Youth Council - Kansai Chapter,DOS-JPN,Posted,2/1/2024,3/1/2024,Grant,"Education
Other (see text field entitled ""Explanation of Other Category of Funding Activity"" for clarification)",No,75000,50000
OSAKA-PAS-FY24-02,FY2024 U.S. Consulate General Osaka-Kobe: Games for Social Change Program,DOS-JPN,Posted,2/1/2024,3/31/2024,Cooperative Agreement,"Community Development
Education
Environment
Health
Humanities (see ""Cultural Affairs"" in CFDA)
Natural Resources",No,100000,75000
OSAKA-PAS-FY24-03,Workshop Series Supporting Future Female Political Candidate,DOS-JPN,Posted,2/1/2024,3/1/2024,Cooperative AgreementGrantOther,"Employment, Labor and Training
Other (see text field entitled ""Explanation of Other Category of Funding Activity"" for clarification)
Regional Development",No,25000,10000
P23AS00515,FY2023 Historic Preservation Fund - Paul Bruhn Historic Revitalization Subgrant Program,DOI-NPS,Posted,1/19/2024,3/18/2024,Cooperative Agreement,"Education
Health
Income Security and Social Services",No,0,0
P24AS00251,P24AS00251 - 2024 Route 66 Corridor Preservation Program,DOI-NPS,Posted,2/1/2024,4/1/2024,Grant,"Other (see text field entitled ""Explanation of Other Category of Funding Activity"" for clarification)",Yes,120000,5000
P24AS00506,FY2024 - Historic Preservation Fund- Annual State Historic Preservation Office Grants,DOI-NPS,Posted,1/29/2024,4/3/2024,Grant,"Humanities (see ""Cultural Affairs"" in CFDA)",Yes,2200000,100000
P24AS00507,FY2024 - Historic Preservation Fund- Annual Tribal Historic Preservation Office Grants,DOI-NPS,Posted,1/30/2024,3/27/2024,Grant,"Other (see text field entitled ""Explanation of Other Category of Funding Activity"" for clarification)",No,200000,30000
P24AS00519,FY2024 ABPP - Battlefield Restoration Grants,DOI-NPS,Posted,1/24/2024,2/21/2024,Grant,"Other (see text field entitled ""Explanation of Other Category of Funding Activity"" for clarification)",Yes,750000,30000
P24AS00526,Land and Water Conservation Fund State Assistance + Readiness and Recreation Initiative- FY24,DOI-NPS,Posted,2/1/2024,4/1/2024,Grant,"Other (see text field entitled ""Explanation of Other Category of Funding Activity"" for clarification)",Yes,5000000,250000
PA-24-154,AHRQ Health Services Research Projects (R01),HHS-AHRQ,Posted,2/6/2024,4/15/2024,Grant,Health,No,0,0
PA-24-155,AHRQ Small Health Services Research Grant Program (R03),HHS-AHRQ,Posted,2/6/2024,4/2/2024,Grant,Health,No,100000,0
PA-24-156,AHRQ Health Services Research Demonstration and Dissemination Grants (R18),HHS-AHRQ,Posted,2/6/2024,7/14/2026,Grant,Health,No,0,0
PAR-24-095,Analytical Validation of a Candidate Biomarker for Neurological or Neuromuscular Disorders(U01 Clinical Trial Optional),HHS-NIH11,Posted,1/22/2024,3/19/2024,Cooperative Agreement,Health,No,0,0
PAR-24-096,Clinical Validation of a Candidate Biomarker for Neurological or Neuromuscular Disorders (U44 Clinical Trial Optional),HHS-NIH11,Posted,1/22/2024,2/19/2024,Cooperative Agreement,Health,No,0,0
PAR-24-097,Clinical Validation of a Candidate Biomarker for Neurological or Neuromuscular Disorders (U01 Clinical Trial Optional),HHS-NIH11,Posted,1/22/2024,2/20/2024,Cooperative Agreement,Health,No,0,0
PAR-24-098,Analytical Validation of a Candidate Biomarker for Neurological or Neuromuscular Disorders (U44 Clinical Trial Optional),HHS-NIH11,Posted,1/22/2024,4/8/2024,Cooperative Agreement,Health,No,0,0
PAR-24-099,NIAID SBIR Phase II Clinical Trial Implementation Cooperative Agreement (U44 Clinical Trial Required),HHS-NIH11,Posted,1/29/2024,4/1/2024,Cooperative Agreement,Health,No,0,0
PAR-24-100,NIAID Clinical Trial Implementation Cooperative Agreement (U01 Clinical Trial Required),HHS-NIH11,Posted,1/29/2024,3/13/2024,Cooperative Agreement,Health,No,0,0
PAR-24-111,Understanding Mechanisms and Outcomes of Trained Immunity (R21 Clinical Trial Not Allowed),HHS-NIH11,Posted,1/25/2024,3/26/2024,Grant,Health,No,275000,0
PAR-24-112,Understanding Mechanisms and Outcomes of Trained Immunity (R01 Clinical Trial Not Allowed),HHS-NIH11,Posted,1/25/2024,3/25/2024,Grant,Health,No,0,0
PAR-24-113,International Research Scientist Development Award (IRSDA) (K01) Independent Clinical Trial Not Allowed,HHS-NIH11,Posted,1/22/2024,4/15/2024,Grant,"Education
Health",No,0,0
PAR-24-114,International Research Scientist Development Award (IRSDA) (K01 Independent Clinical Trial Required),HHS-NIH11,Posted,1/18/2024,2/16/2024,Grant,"Humanities (see ""Cultural Affairs"" in CFDA)",No,60000,30000
PAR-24-115,NCCIH Natural Product Mid Phase Clinical Trial (R01 Clinical Trial Required),HHS-NIH11,Posted,2/1/2024,11/13/2026,Grant,Health,No,350000,0
PAR-24-116,NCCIH Natural Product Early Phase Clinical Trial Award (R33 Clinical Trial Required),HHS-NIH11,Posted,2/1/2024,4/17/2024,Grant,Health,No,1050000,0
PAR-24-118,Advancing Learning Health Care Research in Outpatient Mental Health Treatment Settings (R34 Clinical Trial Optional),HHS-NIH11,Posted,2/8/2024,4/8/2024,Grant,"Education
Health",No,450000,0
PAR-24-122,Modular R01s in Cancer Control and Population Sciences (R01 Clinical Trial Optional),HHS-NIH11,Posted,1/18/2024,9/30/2024,Cooperative Agreement,"Law, Justice and Legal Services",No,2000000,150000
PAR-24-123,Clinical Coordinating Center for NCCIH Multi-Site Investigator-Initiated Clinical Trials of Natural Products (Collaborative UG3/UH3 Clinical Trial Required),HHS-NIH11,Posted,2/2/2024,1/1/2099,Cooperative Agreement,Health,No,0,0
PAR-24-124,NCCIH Natural Product Early Phase Clinical Trial Phased Innovation Award (R61/R33 Clinical Trial Required),HHS-NIH11,Posted,2/1/2024,5/1/2024,Grant,Health,No,350000,0
PAR-24-125,Natural Product Multi-Site Clinical Trial Data Coordinating Center (Collaborative U24 Clinical Trial Required),HHS-NIH11,Posted,2/6/2024,4/30/2024,Cooperative Agreement,Health,No,0,0
PAR-24-129,Limited Competition: Specific Pathogen Free Macaque Colonies to Support HIV/AIDS Research (U42 Clinical Trial Not Allowed),HHS-NIH11,Posted,1/22/2024,3/19/2024,Cooperative Agreement,Health,No,0,0
PAR-24-140,NIDCD Research Career Enhancement Award for Established Investigators (K18 Clinical Trial Required),HHS-NIH11,Posted,2/8/2024,4/8/2024,Grant,Health,No,0,0
PAR-24-142,NIDCD Research Career Enhancement Award for Established Investigators (K18 Independent Basic Experimental Studies with Humans Required),HHS-NIH11,Posted,2/8/2024,5/7/2027,Grant,Health,No,0,0
PAR-24-143,NIDCD Research Career Enhancement Award for Established Investigators (K18 Clinical Trial Not Allowed),HHS-NIH11,Posted,2/8/2024,4/8/2024,Grant,Health,No,0,0
PAR-24-147,Mechanistic Investigations into ADRD Multiple Etiology Dementias (R01 - Clinical Trial Not Allowed),HHS-NIH11,Posted,2/6/2024,3/26/2024,Grant,Health,No,500000,0
PAR-24-148,"Investigating Distinct and Overlapping Mechanisms in TDP-43 Proteinopathies, including in LATE, FTD and other ADRDs (R01 - Clinical Trial Not Allowed)",HHS-NIH11,Posted,2/6/2024,10/4/2024,Grant,Health,No,500000,0
PAS-800-FY24-02,Public Diplomacy Small Grants Program 2024,DOS-MKD,Posted,1/18/2024,3/19/2024,Grant,"Other (see text field entitled ""Explanation of Other Category of Funding Activity"" for clarification)",No,1726689,500000
PAS-JOR-FY24-003,Promoting U.S. Study: A Tribute to 75 Years of U.S-Jordan Relations EducationUSA College Fair.,DOS-JOR,Posted,1/21/2024,3/18/2024,Cooperative Agreement,Education,No,100000,25000
PAS-UKRAINE-2024-02,Ukraine: USG Exchange Alumni Small Grants Program,DOS-UKR,Posted,2/9/2024,4/8/2024,Grant,"Other (see text field entitled ""Explanation of Other Category of Funding Activity"" for clarification)",No,40000,0
PAS-UKRAINEFY24-01,Ukraine: Ukrainian Media Partnership Program,DOS-UKR,Posted,2/8/2024,3/8/2024,Grant,"Other (see text field entitled ""Explanation of Other Category of Funding Activity"" for clarification)",No,350000,0
PD-KIGALI-FY24-02,U.S. Embassy Kigali Public Diplomacy Annual Program Statement,DOS-RWA,Posted,1/17/2024,6/30/2024,Grant,"Other (see text field entitled ""Explanation of Other Category of Funding Activity"" for clarification)",No,25000,2000
PDS-003-FY2024,U.S. Embassy Ethiopia PD Request for Statement of Interest,DOS-ETH,Posted,1/16/2024,3/18/2024,Grant,"Education
Other (see text field entitled ""Explanation of Other Category of Funding Activity"" for clarification)",No,100000,5000
PDS-BRAZZAVILLE-FY24-03,U.S. Embassy Brazzaville PDS Annual Program Statement,DOS-COG,Posted,1/23/2024,3/9/2026,Grant,"Other (see text field entitled ""Explanation of Other Category of Funding Activity"" for clarification)",No,20000,500
PDS-BUJUMBURA-FY24-02,U.S. Embassy Bujumbura Public Diplomacy Section (PDS) Annual Program Statement,DOS-BDI,Posted,1/31/2024,4/4/2024,Grant,"Other (see text field entitled ""Explanation of Other Category of Funding Activity"" for clarification)",No,20000,0
PDS-CHISINAU-FY24-02,Support for Independent Media,DOS-MDA,Posted,1/16/2024,2/16/2024,Cooperative AgreementGrant,"Other (see text field entitled ""Explanation of Other Category of Funding Activity"" for clarification)",No,100000,25000
PDS-OTTAWA-FY24-APS01,"U.S. Embassy Ottawa, Public Diplomacy Section, Annual Program Statement",DOS-CAN,Posted,1/17/2024,3/18/2024,Cooperative AgreementGrantOther,"Other (see text field entitled ""Explanation of Other Category of Funding Activity"" for clarification)",No,250000,15000
P-P-LWCF-24-003,LWCF Administrative Grant Award - FY24,DOI-NPS,Posted,2/2/2024,5/2/2024,Grant,Natural Resources,Yes,1960000,200000
P-P-LWCF-24-005,LWCF State Assistance Formula Grants - Acquisition & Construction - FY24,DOI-NPS,Posted,2/2/2024,7/12/2024,Grant,"Community Development
Natural Resources",Yes,15000000,10000
P-P-LWCF-24-006,LWCF State Assistance Formula Grants - Planning - FY24,DOI-NPS,Posted,2/2/2024,7/12/2024,Grant,"Community Development
Natural Resources",Yes,250000,2500
RDBCP-VAPG-2024,Value-Added Producer Grant,USDA-RBCS,Posted,1/17/2024,3/1/2024,Grant,Agriculture,Yes,250000,0
RD-RBS-24-01-RISE,Rural Innovation Stronger Economies (RISE),USDA-RBCS,Posted,1/26/2024,3/10/2024,Grant,"Agriculture
Business and Commerce
Regional Development",Yes,2000000,500000
RFA-AG-25-016,Multi-Scale Models Bridging Levels of Analysis in Aging and Alzheimer's Disease (AD) and AD-Related Dementias (ADRD) (R01 Clinical Trial Not Allowed),HHS-NIH11,Posted,2/6/2024,3/7/2024,Grant,Health,No,500000,0
RFA-AI-24-003,Novel Approaches for Radiation Biodosimetry Assays and Devices Development (U01 Clinical Trial Not Allowed),HHS-NIH11,Posted,1/25/2024,1/1/2099,Cooperative Agreement,Health,No,350000,0
RFA-DA-25-032,Mechanistic Studies on Social Behavior in Substance Use Disorder (R01 Clinical Trial Optional),HHS-NIH11,Posted,1/29/2024,5/30/2024,Grant,"Education
Health",No,0,0
RFA-DA-25-033,Mechanistic Studies on Social Behavior in Substance Use Disorder (R01 Basic Experimental Studies with Humans (BESH) Required),HHS-NIH11,Posted,1/29/2024,5/7/2024,Grant,"Education
Health",No,0,0
RFA-DA-25-034,Mechanistic Studies on Social Behavior in Substance Use Disorder (R01 Clinical Trials Not Allowed),HHS-NIH11,Posted,1/29/2024,7/25/2024,Grant,"Education
Health",No,425000,0
RFA-DA-25-053,Harnessing Artificial Intelligence and Polypharmacology to Discover Pharmacotherapeutics for Substance Use Disorders (R41/R42 Clinical Trials Not Allowed),HHS-NIH11,Posted,1/29/2024,2/26/2024,Grant,"Education
Health",No,400000,0
RFA-DA-25-054,Harnessing Artificial Intelligence and Polypharmacology to Discover Pharmacotherapeutics for Substance Use Disorders (R43/R44 Clinical Trials Not Allowed),HHS-NIH11,Posted,1/29/2024,2/26/2024,Grant,"Education
Health",No,0,0
RFA-DA-25-060,High Priority HIV and Substance Use Research (RM1 Clinical Trial Optional),HHS-NIH11,Posted,1/17/2024,3/18/2024,Grant,"Education
Health",No,1500000,0
RFA-DK-23-011,Continuous Ketone Monitoring for the Safe Use of Sodium-glucose Cotransporter-2 Inhibitors in Type 1 Diabetes (R01 Clinical trial Required),HHS-NIH11,Posted,1/30/2024,4/1/2024,Grant,"Food and Nutrition
Health",No,500000,0
RFA-FD-24-005,Integrating Machine Learning with Computational Fluid Dynamics Models of Orally Inhaled Drug Products (U01) Clinical Trials Not Allowed,HHS-FDA,Posted,1/15/2024,3/18/2024,Cooperative Agreement,"Agriculture
Consumer Protection
Food and Nutrition",No,300000,0
RFA-FD-24-006,Developing PBPK Model-Based Mechanistic IVIVCs for Long Acting Injectable Suspensions and Implants (U01) Clinical Trial Optional,HHS-FDA,Posted,1/15/2024,3/18/2024,Cooperative Agreement,"Agriculture
Consumer Protection
Food and Nutrition
Other (see text field entitled ""Explanation of Other Category of Funding Activity"" for clarification)",No,7250000,0
RFA-FD-24-007,Utilizing Real-World Data and Algorithmic Analyses to Assess Post-Market Clinical Outcomes in Patients Switching Amongst Therapeutically Equivalent Complex Generic Drug Products and Reference Listed Drugs (U01) Clinical Trial Not Allowed,HHS-FDA,Posted,1/15/2024,2/29/2024,Cooperative Agreement,"Agriculture
Consumer Protection
Food and Nutrition",No,300000,0
RFA-FD-24-009,Improving Predictability of Food-Drug and Drug-Drug Interaction Risks by Utilizing In Vitro Simulated Gastrointestinal Dissolution Model for High-Risk Oral Drug Products (U01) Clinical Trial Optional,HHS-FDA,Posted,1/15/2024,3/1/2024,Cooperative Agreement,"Agriculture
Consumer Protection
Food and Nutrition",No,300000,0
RFA-FD-24-010,Identification of Drug-related and Formulation-Related Factors that Result in Alcohol Dose Dumping of Modified Release Oral Drug Products (U01) Clinical Trial Not Allowed,HHS-FDA,Posted,1/15/2024,2/22/2024,Cooperative Agreement,"Agriculture
Consumer Protection
Food and Nutrition",No,250000,0
RFA-FD-24-025,Cooperative Agreement to Support a Human Abuse Potential Study of Botanical Kratom (U01 Clinical Trial Required),HHS-FDA,Posted,1/16/2024,3/31/2024,Cooperative Agreement,"Agriculture
Consumer Protection
Food and Nutrition",No,2000000,0
RFA-FD-24-032,Development and Maintenance of Human and Animal Food Rapid Response Teams (U2F) Clinical Trials Not Allowed,HHS-FDA,Posted,2/1/2024,4/19/2024,Cooperative Agreement,"Agriculture
Consumer Protection
Food and Nutrition",No,360000,0
RFA-FD-24-033,"Advancing Conformance with the Voluntary National Retail Food Regulatory Program Standards (VNRFRPS) by State, Local, Tribal, and Territorial (SLTT) Retail Food Regulatory Agencies (U19) Clinical Trials Not Allowed",HHS-FDA,Posted,2/1/2024,4/1/2024,Cooperative Agreement,"Agriculture
Consumer Protection
Food and Nutrition",No,15000000,0
RFA-FD-24-038,Novel Approaches to Support Therapeutic Development in Ultra-Rare Cancers (U01) Clinical Trial Optional,HHS-FDA,Posted,1/31/2024,3/15/2024,Cooperative Agreement,"Agriculture
Consumer Protection
Food and Nutrition",No,500000,0
RFA-FD-24-039,Flexible Funding Model-Infrastructure Development and Maintenance for State Manufactured Food Regulatory Programs (U19) Clinical Trials Not Allowed,HHS-FDA,Posted,2/1/2024,4/17/2024,Cooperative Agreement,"Agriculture
Consumer Protection
Food and Nutrition",No,340000,0
RFA-HS-24-002,Evaluation and Coordinating Center for the AHRQ/PCORI Learning Health System Embedded Scientist Training and Research Centers (U18),HHS-AHRQ,Posted,1/25/2024,4/22/2024,Cooperative Agreement,Health,No,1000000,0
RFA-NR-24-004,Transformative Research to Address Health Disparities and Advance Health Equity (U01 Clinical Trial Optional),HHS-NIH11,Posted,1/23/2024,3/24/2024,Cooperative Agreement,"Education
Environment
Health",No,500000,0
RFA-NS-24-030,NIH Blueprint and BRAIN Initiative Diversity Specialized Predoctoral to Postdoctoral Advancement in Neuroscience (D-SPAN) Award (F99/K00 Clinical Trial Not Allowed),HHS-NIH11,Posted,2/2/2024,7/14/2026,Grant,"Education
Environment
Health
Income Security and Social Services",No,0,0
RFA-OD-24-008,Clinical Sites for the Environmental influences on Child Health Outcomes (ECHO) IDeA States Pediatric Clinical Trials Network - 3 (UG1 Clinical Trial Required),HHS-NIH11,Posted,1/19/2024,3/4/2024,Other,Energy,Yes,2,1
RFA-OD-24-009,Data Coordinating and Operations Center for the ECHO IDeA States Pediatric Clinical Trials Network - 3 (U24 Clinical Trial RequiredInfrastructure),HHS-NIH11,Posted,1/19/2024,4/10/2024,Cooperative Agreement,"Education
Health
Income Security and Social Services",No,0,0
RFI-2024-003,Local Partner and Sub-Partner Outreach,USAID-MEX,Posted,1/23/2024,3/25/2024,Other,"Other (see text field entitled ""Explanation of Other Category of Funding Activity"" for clarification)",No,5000000,500000
SCAISB-24-AW-001-01282024,Bridging Basketball with English Language Learning and U.S. Education Opportunities,DOS-PAK,Posted,1/28/2024,4/4/2024,Cooperative Agreement,"Other (see text field entitled ""Explanation of Other Category of Funding Activity"" for clarification)",No,100000,75000
SCAISB-24-AW-002-01282024,Climate Change Reporting,DOS-PAK,Posted,1/28/2024,4/2/2024,Cooperative Agreement,"Other (see text field entitled ""Explanation of Other Category of Funding Activity"" for clarification)",No,400000,350000
SCAISB-24-AW-003-01282024,Increasing Awareness of the U.S.-Pakistan Partnership Through Reporting Tours,DOS-PAK,Posted,1/28/2024,4/1/2024,Cooperative Agreement,"Other (see text field entitled ""Explanation of Other Category of Funding Activity"" for clarification)",No,250000,200000
SCAISB-24-AW-004-01302024,U.S. Companies and Pakistani Universities Partner for Better Employability of Pakistani Youth,DOS-PAK,Posted,1/30/2024,4/15/2024,Cooperative Agreement,"Other (see text field entitled ""Explanation of Other Category of Funding Activity"" for clarification)",No,500000,450000
SCAISB-24-AW-005-01312024,Lincoln Corners Network ï¿½ Administrative Support,DOS-PAK,Posted,1/31/2024,12/31/2024,Cooperative Agreement,"Other (see text field entitled ""Explanation of Other Category of Funding Activity"" for clarification)",No,1200000,1000000
SCAISB-24-AW-006-02062024,Masterclass on Positive Masculinity for Sports Coaches,DOS-PAK,Posted,2/6/2024,4/8/2024,Grant,"Other (see text field entitled ""Explanation of Other Category of Funding Activity"" for clarification)",No,100000,60000
SCAISB-24-AW-007-02062024,Lincoln Corner Pop-Ups,DOS-PAK,Posted,2/6/2024,4/8/2024,Cooperative Agreement,"Other (see text field entitled ""Explanation of Other Category of Funding Activity"" for clarification)",No,100000,80000
SCAISB-24-AW-008-02072024,Combating Misinformation in the Digital Media Era,DOS-PAK,Posted,2/7/2024,5/8/2024,Grant,"Other (see text field entitled ""Explanation of Other Category of Funding Activity"" for clarification)",No,50000,35000
SCAISB-24-AW-009-02082024,Womenï¿½s Empowerment in Journalism,DOS-PAK,Posted,2/8/2024,4/9/2024,Cooperative Agreement,"Other (see text field entitled ""Explanation of Other Category of Funding Activity"" for clarification)",No,125000,100000
SCAISB-24-AW-010-02082024,International Day of Persons with Disabilities Hackathon,DOS-PAK,Posted,2/8/2024,4/9/2024,Cooperative Agreement,"Other (see text field entitled ""Explanation of Other Category of Funding Activity"" for clarification)",No,250000,200000
SCAISB-24-AW-011-02082024,Climate Action Through Religious Interventions,DOS-PAK,Posted,2/8/2024,4/9/2024,Grant,"Other (see text field entitled ""Explanation of Other Category of Funding Activity"" for clarification)",No,100000,70000
SCAISB-24-AW-012-02092024,Advancing Equity Through Grants Skills-Building,DOS-PAK,Posted,2/9/2024,4/10/2024,Cooperative Agreement,"Other (see text field entitled ""Explanation of Other Category of Funding Activity"" for clarification)",No,500000,250000
SCAISB-24-AW-013-02092024,Fostering Engaged Citizenship in Pakistani Young Adults,DOS-PAK,Posted,2/9/2024,4/10/2024,Cooperative Agreement,"Other (see text field entitled ""Explanation of Other Category of Funding Activity"" for clarification)",No,250000,175000
SCAISB-24-AW-014-02092024,Strengthening South Asian Civil Society Climate Advocacy,DOS-PAK,Posted,2/9/2024,4/10/2024,Cooperative Agreement,"Other (see text field entitled ""Explanation of Other Category of Funding Activity"" for clarification)",No,499999,250000
SCAISB-24-AW-015-02092024,Fostering Democratic Discourse: Digital Creators Exchange Program,DOS-PAK,Posted,2/9/2024,4/10/2024,Cooperative Agreement,"Other (see text field entitled ""Explanation of Other Category of Funding Activity"" for clarification)",No,250000,150000
SFOP0010130,Official U.S. Presentation at the 19th International Architecture Biennale,DOS-ECA,Posted,1/29/2024,5/15/2024,Grant,"Arts (see ""Cultural Affairs"" in CFDA)",Yes,375000,375000
SFOP0010171,Fundamental Freedoms Fund IV,DOS-DRL,Posted,1/16/2024,4/1/2024,Cooperative Agreement,"Education
Other (see text field entitled ""Explanation of Other Category of Funding Activity"" for clarification)",No,30000000,7250000
SFOP0010180,DRL Preserving Freedom of Expression in Bangladesh,DOS-DRL,Posted,1/31/2024,3/27/2024,Grant,"Other (see text field entitled ""Explanation of Other Category of Funding Activity"" for clarification)",No,750000,750000
SFOP0010183,DRL Strengthening Women’s Leadership in the Maldives,DOS-DRL,Posted,1/31/2024,3/19/2024,Grant,"Other (see text field entitled ""Explanation of Other Category of Funding Activity"" for clarification)",No,500000,500000
SFOP0010185,DRL Protecting Free Expression in Ethiopia,DOS-DRL,Posted,1/29/2024,3/26/2024,Cooperative Agreement,"Other (see text field entitled ""Explanation of Other Category of Funding Activity"" for clarification)",No,1500000,1500000
SFOP0010186,DRL Promoting Peaceful Elections in Benin,DOS-DRL,Posted,1/29/2024,4/25/2024,Other,"Other (see text field entitled ""Explanation of Other Category of Funding Activity"" for clarification)",No,1500000,1500000
SFOP0010194,DRL FY23 Burma Programs - Statements of Interest,DOS-DRL,Posted,1/18/2024,4/22/2024,Cooperative Agreement,Energy,Yes,400000,1
SFOP0010197,DRL Scholar Rescue Fund,DOS-DRL,Posted,1/22/2024,3/5/2024,Cooperative Agreement,"Other (see text field entitled ""Explanation of Other Category of Funding Activity"" for clarification)",No,5500000,5500000
SFOP0010201,FY 2024 Study of the U.S. Institutes for Student Leaders from the Western Hemisphere,DOS-ECA,Posted,1/19/2024,2/19/2024,Cooperative Agreement,"Other (see text field entitled ""Explanation of Other Category of Funding Activity"" for clarification)",No,1600000,0
SFOP0010216,24.PMWRA.Cambodia.HMA.NOFO,DOS-PMWRA,Posted,1/30/2024,1/13/2027,Grant,"Other (see text field entitled ""Explanation of Other Category of Funding Activity"" for clarification)",No,10000000,0
SFOP0010217,24.PMWRA.SouthSudan.HMA.NOFO,DOS-PMWRA,Posted,1/29/2024,2/15/2024,Grant,"Other (see text field entitled ""Explanation of Other Category of Funding Activity"" for clarification)",No,2000000,0
SFOP0010218,DRL Capacity Strengthening for Regional and Grassroots LGBTQI+ Civil Society in East Asia and/or the Pacific,DOS-DRL,Posted,1/30/2024,2/13/2024,Grant,"Other (see text field entitled ""Explanation of Other Category of Funding Activity"" for clarification)",No,2000000,750000
SFOP0010220,24.PMWRA.KenyaTanzania.PSSM.NOFO,DOS-PMWRA,Posted,2/1/2024,4/3/2024,Cooperative Agreement,"Other (see text field entitled ""Explanation of Other Category of Funding Activity"" for clarification)",No,1596587,0
SFOP0010221,DRL Global Media Risk Mitigation,DOS-DRL,Posted,2/1/2024,4/8/2024,Grant,"Other (see text field entitled ""Explanation of Other Category of Funding Activity"" for clarification)",No,750000,750000
SFOP0010222,DRL Combatting Discrimination Against Women in Mauritania,DOS-DRL,Posted,2/1/2024,4/10/2024,Grant,"Other (see text field entitled ""Explanation of Other Category of Funding Activity"" for clarification)",No,1250000,1250000
SFOP0010224,DRL Holistic Mentorship and Support for Defenders in Exile,DOS-DRL,Posted,2/1/2024,4/2/2024,Cooperative Agreement,"Other (see text field entitled ""Explanation of Other Category of Funding Activity"" for clarification)",No,2000000,2000000
SFOP0010231,FY 2024 Professional Fellows Program,DOS-ECA,Posted,2/6/2024,4/29/2024,Cooperative Agreement,"Other (see text field entitled ""Explanation of Other Category of Funding Activity"" for clarification)",No,750000,400000
SFOP0010232,FY 2024 Professional Fellows Congress,DOS-ECA,Posted,2/6/2024,6/4/2024,Cooperative Agreement,"Other (see text field entitled ""Explanation of Other Category of Funding Activity"" for clarification)",No,925000,925000
SFOP0010233,DRL Strengthening Resilience for Digital Security Providers and Capacity for Civil Society in Ukraine and Moldova,DOS,Posted,2/7/2024,4/9/2024,Grant,"Other (see text field entitled ""Explanation of Other Category of Funding Activity"" for clarification)",No,1628020,1628020
SFOP0010235,DRL Fostering Civil Society's Oversight Role in Morocco,DOS-DRL,Posted,2/7/2024,4/8/2024,Grant,"Other (see text field entitled ""Explanation of Other Category of Funding Activity"" for clarification)",No,1000000,750000
SFOP0010236,"DRL Improving remedy, accountability, and deterrence for the repressive misuse of spyware in Europe and Eurasia",DOS,Posted,2/7/2024,5/8/2024,Grant,"Other (see text field entitled ""Explanation of Other Category of Funding Activity"" for clarification)",No,1973358,1973358
SFOP0010238,DRL Strengthening LGBTQI+ Human Rights in Francophone West and Central Africa,DOS-DRL,Posted,2/8/2024,4/15/2024,Cooperative Agreement,"Other (see text field entitled ""Explanation of Other Category of Funding Activity"" for clarification)",No,1000000,750000
SM-24-001,Statewide Family Network Program,HHS-SAMHS-SAMHSA,Posted,2/8/2024,3/19/2024,Grant,Health,No,120000,0
SM-24-002,Statewide Consumer Network Program,HHS-SAMHS-SAMHSA,Posted,2/8/2024,5/7/2027,Grant,Health,No,120000,0
SM-24-007,Community Programs for Outreach and Intervention with Youth and Young Adults at Clinical High Risk for Psychosis,HHS-SAMHS-SAMHSA,Posted,2/7/2024,4/8/2024,Grant,Health,Yes,650000,0
SM-24-010,"The National Center for Mental Health Dissemination, Implementation and Sustainment Cooperative Agreement",HHS-SAMHS-SAMHSA,Forecasted,1/29/2024,3/15/2024,Funding Instrument Type:,Category of Funding Activity:,Cost Sharing or Matching Requirement:,0,0
SM-24-011,Promoting the Integration of Primary and Behavioral Health Care: Collaborative Care Model,HHS-SAMHS-SAMHSA,Forecasted,1/29/2024,7/25/2024,Funding Instrument Type:,Category of Funding Activity:,Cost Sharing or Matching Requirement:,0,0
SP-24-002,Prevention Technology Transfer Centers Cooperative Agreement,HHS-SAMHS-SAMHSA,Forecasted,1/29/2024,3/29/2024,Funding Instrument Type:,Category of Funding Activity:,Cost Sharing or Matching Requirement:,0,0
SPAINAPS2024,Mission Spain Public Diplomacy 2024 Annual Program Statement,DOS-ESP,Forecasted,1/31/2024,4/1/2024,Funding Instrument Type:,Category of Funding Activity:,Cost Sharing or Matching Requirement:,40000,5000
SPAINJULIATAFT2024,Funding Opportunity in Spain for the Julia Taft Refugee Fund,DOS-ESP,Forecasted,2/9/2024,1/1/2099,Funding Instrument Type:,Category of Funding Activity:,Cost Sharing or Matching Requirement:,25000,0
SRB10024FO-01,Embassy Belgrade - PRM Julia Taft Refugee Fund,DOS-SRB,Posted,2/8/2024,3/15/2024,Grant,"Other (see text field entitled ""Explanation of Other Category of Funding Activity"" for clarification)",No,25000,25000
SSH-MBA-FY24-01,Ambassador’s Special Self-Help Program,DOS-SWZ,Posted,1/30/2024,1/1/2099,Grant,"Other (see text field entitled ""Explanation of Other Category of Funding Activity"" for clarification)",No,9000,3000
STATE-BISHKEK-PDS-24-0003,Democracy Commission Small Grants Program,DOS-KGC,Posted,1/19/2024,3/6/2024,Grant,"Other (see text field entitled ""Explanation of Other Category of Funding Activity"" for clarification)",No,50000,10000
STEEL-SLAG,INITIATIVE ON THE USE OF STEEL SLAG IN CONCRETE AND CEMENT,DOT-RITA,Posted,1/23/2024,6/22/2026,Cooperative Agreement,Transportation,Yes,5000000,5000000
STEM-ENT-FY24-ARM-8,Promoting STEM Education and Youth Entrepreneurship,DOS-ARM,Posted,2/8/2024,3/28/2024,Cooperative Agreement,"Other (see text field entitled ""Explanation of Other Category of Funding Activity"" for clarification)",No,300000,175000
TI-24-002,State Pilot Program for Treatment for Pregnant and Postpartum Women (PPW-PLT),HHS-SAMHS-SAMHSA,Posted,1/31/2024,3/27/2024,Grant,Health,No,900000,0
TI-24-004,Grants to Expand Substance Use Disorder Treatment Capacity in Adult and Family Treatment Drug Courts,HHS-SAMHS-SAMHSA,Posted,1/31/2024,5/1/2024,Grant,Health,No,400000,0
TI-24-005,"Minority AIDS Initiative: A Pilot Program to Strengthen Prevention and Treatment Services for Substance Use Disorders, HIV/AIDS, and Other Infectious Diseases",HHS-SAMHS-SAMHSA,Forecasted,1/29/2024,4/2/2024,Funding Instrument Type:,Category of Funding Activity:,Cost Sharing or Matching Requirement:,0,0
TI-24-012,State Opioid Response (SOR)/Tribal Opioid Response (TOR) Technical Assistance,HHS-SAMHS-SAMHSA,Forecasted,1/31/2024,4/24/2024,Funding Instrument Type:,Category of Funding Activity:,Cost Sharing or Matching Requirement:,0,0
TI-24-013,Minority AIDS Initiative: Integrated Behavioral Health and HIV Care for Unsheltered Populations Pilot Project,HHS-SAMHS-SAMHSA,Forecasted,1/29/2024,4/3/2024,Funding Instrument Type:,Category of Funding Activity:,Cost Sharing or Matching Requirement:,0,0
TI-24-014,National Peer-Run Training and TA Center for Addiction Recovery Peer Support,HHS-SAMHS-SAMHSA,Forecasted,1/29/2024,4/5/2024,Funding Instrument Type:,Category of Funding Activity:,Cost Sharing or Matching Requirement:,0,0
TIRCOMACTFY24,Community Activism program,DOS-ALB,Posted,1/28/2024,4/26/2024,Cooperative Agreement,"Humanities (see ""Cultural Affairs"" in CFDA)",No,180000,180000
TIREMPCSOFY24,Empowering CSOs,DOS-ALB,Posted,1/28/2024,1/1/2099,Grant,"Humanities (see ""Cultural Affairs"" in CFDA)",No,220000,220000
TIRMEDIATRAINING1FY24,Media Training Program FY2024,DOS-ALB,Posted,1/17/2024,3/18/2024,Cooperative Agreement,"Humanities (see ""Cultural Affairs"" in CFDA)",No,100000,100000
TIRMEDIATRAINING2FY24,Media Training Program (Investigative Stories Clearinghouse) FY2024,DOS-ALB,Posted,1/17/2024,3/18/2024,Cooperative Agreement,"Humanities (see ""Cultural Affairs"" in CFDA)",No,350000,350000
TIRYOUTHACTIVISMFY24,Youth Activism Program FY2024,DOS-ALB,Posted,1/23/2024,2/22/2024,Grant,"Humanities (see ""Cultural Affairs"" in CFDA)",No,50000,50000
UNIVERSITY-PARTNERSHIP-FY24-ARM-7,Certificate or Training Program in Mediation and Conflict Resolution,DOS-ARM,Posted,1/29/2024,2/9/2024,Cooperative Agreement,"Other (see text field entitled ""Explanation of Other Category of Funding Activity"" for clarification)",No,200000,200000
USDA-AMS-TM-SCBGP-G-24-0003,Specialty Crop Block Grant Program Farm Bill 2024,USDA-AMS,Posted,1/29/2024,8/14/2024,Grant,Agriculture,No,0,0
USDA-FAS-10620-0762-10-24-0001,2024 Scientific Exchange Program ï¿½ Women in Sustainable Food Systems,USDA-FAS,Posted,2/8/2024,3/25/2024,Cooperative Agreement,Agriculture,No,300000,0
USDA-FAS-10777-0700-10-24-0001,2024 USDA/FAS Borlaug Fellowship Program World Food Prize Event,USDA-FAS,Posted,1/30/2024,3/29/2024,Cooperative Agreement,Agriculture,No,75000,0
USDA-FNS-2024-SUTIF,Supporting the Use of Traditional Indigenous Foods in the Child Nutrition Programs,USDA-FNS1,Posted,1/18/2024,2/16/2024,Cooperative Agreement,Food and Nutrition,No,500000,250000
USDA-FS-2024-IRA-FLS-02,USDA Forest Service Inflation Reduction Act Forest Landowner Support: Tribal Access to Emerging Private Markets for Climate Mitigation and Forest Resilience,USDA-FS,Forecasted,1/17/2024,3/18/2024,Funding Instrument Type:,Category of Funding Activity:,Cost Sharing or Matching Requirement:,2000000,0
USDA-NIFA-BFR-010413,Beginning Farmer and Rancher Development Program,USDA-NIFA,Posted,1/17/2024,5/30/2024,Grant,Agriculture,Yes,750000,49999
USDA-NIFA-HEMS-010574,Higher Education Multicultural Scholars Program,USDA-NIFA,Posted,2/1/2024,11/13/2026,Grant,Agriculture,No,250000,20000
USDA-NIFA-OP-010554,Alfalfa Seed and Alfalfa Forage Systems,USDA-NIFA,Posted,1/19/2024,3/9/2026,Grant,Agriculture,Yes,300000,0
USDA-NIFA-OP-010573,Agricultural Genome to Phenome Initiative,USDA-NIFA,Posted,1/16/2024,3/18/2024,Grant,Agriculture,Yes,1200000,50000
USDA-NRCS-AR-MULTI-24-NOFO0001332,Arkansas Technical Assistance Projects Supporting Inflation Reduction Act (IRA) Implementation,USDA-NRCS,Posted,1/31/2024,4/1/2024,Cooperative Agreement,Agriculture,No,3000000,25000
USDA-NRCS-CA-MULTI-24-NOFO0001334,USDA NRCS California ï¿½ Conservation Cooperative Agreements,USDA-NRCS,Posted,2/1/2024,4/11/2024,Cooperative Agreement,"Environment
Natural Resources",No,75000,25000
USDA-NRCS-CA-MULTI-24-NOFO0001335,USDA NRCS California ï¿½ Conservation Contribution Agreements,USDA-NRCS,Posted,2/7/2024,4/8/2024,Other,"Environment
Natural Resources",No,150000,25000
USDA-NRCS-GA-MULTI-24-NOFO0001349,Georgia NRCS Technical Assistance for Fiscal Year 2024,USDA-NRCS,Posted,2/8/2024,3/9/2024,Grant,"Agriculture
Environment
Natural Resources",Yes,600000,25000
USDA-NRCS-MO-MULTI-24-NOFO0001345,"Missouri Conservation Partnership, Outreach, and Education",USDA-NRCS,Posted,2/8/2024,5/7/2027,Grant,"Agriculture
Environment
Natural Resources",No,500000,25000
USDA-NRCS-ND-MULTI-24-NOFO0001325,Conservation Collaboration Cooperative Agreements Fiscal Year (FY) 2024 Announcement for Program Funding ï¿½ NORTH DAKOTA,USDA-NRCS,Posted,2/6/2024,3/21/2024,Cooperative Agreement,"Agriculture
Environment
Natural Resources",No,2500000,20000
USDA-NRCS-ND-MULTI-24-NOFO0001326,Conservation Collaboration Grant Agreements Fiscal Year (FY) 2024 Announcement for Program Funding – NORTH DAKOTA,USDA-NRCS,Posted,1/29/2024,3/27/2024,Grant,"Agriculture
Environment
Natural Resources",No,1000000,20000
USDA-NRCS-NHQ-UAIP-24-NOFO0001336,Urban Agriculture and Innovative Production (UAIP) Competitive Grants Program,USDA-NRCS,Posted,2/9/2024,4/9/2024,Grant,"Agriculture
Environment
Natural Resources",No,350000000,75000000
USDA-NRCS-PR-MULTI-24-NOFO0001338,Caribbean Partners for Conservation (CPC) Fiscal Year (FY) 2024 Announcement for Program Funding ï¿½ Caribbean Area,USDA-NRCS,Posted,2/8/2024,3/26/2024,Cooperative Agreement,"Agriculture
Environment
Natural Resources",No,200000,75000
USDA-NRCS-SC-MULTI-24-NOFO0001344,Climate Smart Conservation Collaboration – SOUTH CAROLINA,USDA-NRCS,Posted,1/29/2024,3/29/2024,Cooperative Agreement,"Agriculture
Environment
Natural Resources",Yes,500000,75000
USDA-NRCS-TN-MULTI-24-NOFO0001330,Tennessee NRCS General Conservation Agreements,USDA-NRCS,Posted,1/24/2024,3/29/2024,Cooperative Agreement,"Agriculture
Environment
Natural Resources",No,250000,100000
VA-EQUINE-24,Grants for Adaptive Sports Programs for Disabled Veterans and Disabled Members of the Armed Forces (Equine Assisted Therapy),VA-NVSP,Posted,1/24/2024,3/26/2024,Grant,"Other (see text field entitled ""Explanation of Other Category of Funding Activity"" for clarification)",No,750000,0
VA-FOX-SP-FY2024,Staff Sergeant Fox Suicide Prevention Grant Program,VA-OMHSP,Posted,1/26/2024,6/11/2024,Grant,"Other (see text field entitled ""Explanation of Other Category of Funding Activity"" for clarification)",No,750000,1000
VA-GPD-SN-FY2025,GPD Program Special Need Grant,VA-HPGPDP,Posted,2/2/2024,5/2/2024,Grant,Housing,No,0,0
VA-SPORTS-24,Grants for Adaptive Sports Programs for Disabled Veterans and Members of the Armed Forces program,VA-NVSP,Posted,1/24/2024,3/26/2024,Grant,"Other (see text field entitled ""Explanation of Other Category of Funding Activity"" for clarification)",No,750000,0
W81EWF-24-SOI-0012,"Development and Testing Advancements in Spectral Wave Measurements, and Nearshore Process Methods for Risk-Based Guidance",DOD-COE-ERDC,Posted,1/23/2024,3/19/2024,Cooperative Agreement,Science and Technology and other Research and Development,No,6500000,0
W81EWF-24-SOI-0013,Technical Support for Species-at-Risk Surveys and Analyses in Support of Army Environmental Conservation,DOD-COE-ERDC,Posted,2/6/2024,3/1/2024,Cooperative Agreement,Science and Technology and other Research and Development,No,50000,1
W81EWF-24-SOI-0015,Technical assistance with riparian ecosystem monitoring along the Middle Rio Grande,DOD-COE-ERDC,Posted,1/26/2024,1/7/2027,Cooperative Agreement,Science and Technology and other Research and Development,No,470000,0
W81EWF-24-SOI-0016,"Assessment of oyster reefs in the Piankatank River, VA",DOD-COE-ERDC,Posted,1/29/2024,8/14/2024,Cooperative Agreement,Science and Technology and other Research and Development,No,150000,0
W9126G-24-2-SOI-0335,Field Support for WOTUS & Other Surface Water Program Improvement on AF Installations,DOD-COE-FW,Posted,1/17/2024,3/5/2024,Cooperative Agreement,Natural Resources,No,9008217,450593
W9127N2420001,"Management of Undesirable Plants on USACE Lands at Willamette Valley Project, Oregon",DOD-COE-PORT,Posted,1/17/2024,2/22/2024,Cooperative Agreement,Natural Resources,No,30000,2500
W9127N-24-2-0002,"Management of Undesirable Plants on USACE Lands - Bonneville Project, Skamania County, WA",DOD-COE-PORT,Posted,2/5/2024,4/4/2024,Cooperative Agreement,Natural Resources,No,75000,15000
W9127N2420005,"Management of Undesirable Plants on USACE Lands at The Dalles Project and John Day Project, Sherman County, Oregon",DOD-COE-PORT,Posted,1/31/2024,4/11/2024,Cooperative Agreement,Natural Resources,No,13000,3000
W912DR24X0Z5V,"FY24 Conservation Interns at the USACE, Raystown Lake Project",DOD-COE,Forecasted,1/22/2024,4/18/2024,Funding Instrument Type:,Category of Funding Activity:,Cost Sharing or Matching Requirement:,11000,9000
WAW-NOFO-FY24-03,PD Poland American Spaces Grant Funding 2024,DOS-POL,Posted,2/5/2024,3/5/2024,Grant,"Other (see text field entitled ""Explanation of Other Category of Funding Activity"" for clarification)",No,50000,15000
WAW-NOFO-FY24-04,Julia Taft Refugee Fund Project Based in Southern Poland,DOS-POL,Posted,2/5/2024,3/31/2026,Grant,"Other (see text field entitled ""Explanation of Other Category of Funding Activity"" for clarification)",No,25000,10000
